,cpu_time,num_samples,num_sites,num_values
0,11.214854822307824,2000,326815,54.976602665116346
1,12.695674013346434,2876,338413,56.9517223038122
2,14.802770902216434,4138,354437,59.2714445726603
3,16.84626658856869,5952,370710,60.5941247875698
4,19.4036755181849,8562,387036,62.34928378755465
